{
  "real_only": {
    "accuracy": 0.9541284403669725,
    "f1": 0.9723756905540123,
    "mAP": 0.9967375372472709
  },
  "real_+_baseline_syn": {
    "accuracy": 0.944954128440367,
    "f1": 0.9670329669798333,
    "mAP": 0.9924965672152901
  },
  "real_+_conditional_syn": {
    "accuracy": 0.9174311926605505,
    "f1": 0.9513513512999269,
    "mAP": 0.9622527441074875
  }
}